PSA Retail;;https://www.linkedin.com/company/psa-retail-france
Wedia;https://www.wedia-group.com/;https://www.linkedin.com/company/wedia
Prozon;https://prozon.com/;https://www.linkedin.com/company/Prozon-com
Rosaly;;https://www.linkedin.com/company/rosalyapp
Entrepreneurs d'Intérêt Général;https://entrepreneur-interet-general.etalab.gouv.fr/;https://www.linkedin.com/company/etalab
DIGITALKEYS;https://www.digitalkeys.fr/;https://www.linkedin.com/company/digitalkeys
Cala;https://eatcala.com/;https://www.linkedin.com/company/calaeat
La Javaness;http://lajavaness.com/;https://www.linkedin.com/company/la-javaness
Akoya;http://www.akoyaconsulting.com/;https://www.linkedin.com/company/850637
Stafiz;https://stafiz.com/;https://www.linkedin.com/company/stafiz
Madeinvote;https://www.madeinvote.com/;https://www.linkedin.com/company/10673172
REEDOO;;https://www.linkedin.com/company/reedoo
Tacotax;https://www.tacotax.fr/;https://www.linkedin.com/company/tacotax
Mews Partners;https://www.mews-partners.com/;https://www.linkedin.com/company/mews-partners
Česká pošta;https://www.ceskaposta.cz/index;https://www.linkedin.com/company/czech-post
ICC Finance;https://www.icc-finance.fr/;https://www.linkedin.com/company/icc-finance
Zanalys;;https://www.linkedin.com/company/zanalys
Bogoods;https://www.bogoods.com/;
BRED Banque Populaire;https://www.bred.fr/;https://www.linkedin.com/company/bred-banque-populaire
Le Moderato;;https://www.linkedin.com/company/le-moderato
UTOPIES;https://www.utopies.com/;https://www.linkedin.com/company/utopies
WeScale;;https://www.linkedin.com/company/wescale
Mozzaik365;https://www.mozzaik365.com/;https://www.linkedin.com/company/mozzaik365
Walter Learning;https://walter-learning.com/;https://www.linkedin.com/company/walter-learning
Tactis;https://www.tactis.fr/;https://www.linkedin.com/company/tactis
SteelSeries France;https://fr.steelseries.com/;https://www.linkedin.com/company/steelseries
Safecube;https://safecube.com/;https://www.linkedin.com/company/safecube
2PACE;https://2pace.fr/;https://www.linkedin.com/company/2pace
Marjory;https://marjory.io/;https://www.linkedin.com/company/marjory-solution
Webnode;https://www.webnode.cz/;https://www.linkedin.com/company/webnode-ag
Sonepar France;;https://www.linkedin.com/company/sonepar-france
Joyeuse;https://www.joyeuse.io/;https://www.linkedin.com/company/joyeuse-conteuse-merveilleuse
Road-B-Score ;https://road-b-score.com/;https://www.linkedin.com/company/road-b-score.com
Stom Consulting;https://www.stomconsulting.com/;https://www.linkedin.com/company/stom-consulting
Nestor;https://www.nestorparis.com/;https://www.linkedin.com/company/9277237
inmemori;https://www.inmemori.com/;https://www.linkedin.com/company/inmemori
Harvest ;;https://www.linkedin.com/company/harvest-sa
Poiscaille;https://poiscaille.fr/;https://www.linkedin.com/company/poiscaillefr
Colombus Consulting;https://colombus-consulting.com/;https://www.linkedin.com/company/colombus-consulting
Plum;https://www.plum-kitchen.com/;
moka.care;https://www.moka.care/;https://www.linkedin.com/company/37520480
Vulog;https://www.vulog.com/;https://www.linkedin.com/company/3121411
Cryptosense;https://cryptosense.com/;https://www.linkedin.com/company/cryptosense
Marcel;https://www.marcel.cab/?utm_source=wttj&utm_medium=referral&utm_campaign=Recretement-collaborateur;https://www.linkedin.com/company/5174307
Merci Jack;;https://www.linkedin.com/company/10968235
Hxperience;https://hxperience.com/;https://www.linkedin.com/company/hxperience
Cabinet IGC;https://www.cabinet-igc.com/;https://www.linkedin.com/company/cabinet-igc
Ithaque Medical;;https://www.linkedin.com/company/ithaque-medical
Accenta;https://www.accenta.ai/;https://www.linkedin.com/company/accenta-ai
Uzaje;https://uzaje.com/fr/;https://www.linkedin.com/company/42113456
Icade;https://www.icade.fr/;https://www.linkedin.com/company/icade
The Field;https://thefield.team/;https://www.linkedin.com/company/jointhefield
Bartle ;http://www.bartle.fr/;https://www.linkedin.com/company/bartle
BATIST Medical ;;https://www.linkedin.com/company/batist-medical-a.s.
Ziggy;https://ziggyfamily.com/;https://www.linkedin.com/company/ziggy-petfood
Prerequis;https://prerequis.com/;https://www.linkedin.com/company/prerequis
ENGIE Groupe;https://www.engie.com/;https://www.linkedin.com/company/engie
Kooalys;http://www.kooalys.com/;https://www.linkedin.com/company/kooalys-insurtech
Blissim (ex-Birchbox);https://blissim.fr/;https://www.linkedin.com/company/birchbox-fr
Mes Allocs;https://www.mes-allocs.fr/;https://www.linkedin.com/company/mes-allocs
O'clock;http://oclock.io/;https://www.linkedin.com/company/10905512
Apollo Motors;https://shop.apollomotors.fr/;https://www.linkedin.com/company/apollo-motors-france
Linklusion;https://linklusion.fr/;https://www.linkedin.com/company/11179746
JEDHA;https://jedha.co/;https://www.linkedin.com/company/jedhabootcamp
YZR;https://www.yzr.ai/;https://www.linkedin.com/company/yzr
Boostmyshop;https://www.boostmyshop.com/fr/;https://www.linkedin.com/company/boostmyshop
Com'in;https://www.comin-city.com/;https://www.linkedin.com/company/comin-city
TUCOENERGIE;https://www.tucoenergie.fr/;https://www.linkedin.com/company/tucoenergie
Pasqal;;https://www.linkedin.com/company/pasqal
Unow;https://www.unow.fr/;https://www.linkedin.com/company/unow
IdeAll;https://www.theideall.com/;https://www.linkedin.com/company/theideall
MyBrazil Factory;https://mybrazilfactory.com/;https://www.linkedin.com/company/mybrazil-factory-
Les conteurs ;https://www.les-conteurs.com/;https://www.linkedin.com/company/9278684
Lecyclo.com;;https://www.linkedin.com/company/lecyclo-com
RATP Smart Systems;;https://www.linkedin.com/company/ratpsmartsystems
Les Nouveaux Fermiers;http://lesnouveauxfermiers.com/;https://www.linkedin.com/company/lesnouveauxfermiers
la marque en moins.;https://lamarqueenmoins.fr/;https://www.linkedin.com/company/la-marque-en-moins
Jack by AGC Automotive Europe;https://smart-jack.com/;https://www.linkedin.com/company/jack-by-agc-automotive-europe
Millimages;https://www.millimages.com/;https://www.linkedin.com/company/millimages
Just Happiness;https://justhappiness.fr/;https://www.linkedin.com/company/just-happiness
Mastrad;https://www.mastrad-paris.fr/;https://www.linkedin.com/company/mastrad
Gorillas;https://gorillas.io/fr;https://www.linkedin.com/company/gorillasapp
Quotatis;https://www.quotatis.fr/;https://www.linkedin.com/company/quotatis
ZAPP;https://tryzapp.com/;https://www.linkedin.com/company/zappquickcommerce
123Roulement;https://www.123roulement.com/;https://www.linkedin.com/company/123roulement
BonneGueule;http://www.bonnegueule.fr/;
NUMA;https://www.numa.co/;https://www.linkedin.com/company/3533412
Bocklip;https://www.bocklip.com/;https://www.linkedin.com/company/bocklip
Indy (ex Georges.tech);https://www.indy.fr/;https://www.linkedin.com/company/indyfr
Nouvelles Donnes;https://www.nouvellesdonnes.com/;https://www.linkedin.com/company/nouvelles-donnes
Brussels Beer Project;http://beerproject.be/;https://www.linkedin.com/company/brussels-beer-project
Pixies Agency;https://pixies-agency.fr/;https://www.linkedin.com/company/PixiesAgency
Diplomeo;https://diplomeo.com/;https://www.linkedin.com/company/diplomeo
Astrée Software;https://www.astree-software.fr/;https://www.linkedin.com/company/astree-software
Exquado;https://www.exquado.com/;https://www.linkedin.com/company/exquado-officiel
Oreades;https://www.developpement-informatique.net/;https://www.linkedin.com/company/oreades-nantes
McDonald's;https://mcdonalds.jobs.cz/?rps=10040;
SNADNEE;https://www.snadnee.cz/;https://www.linkedin.com/company/snadnee
Groupe Estia;https://www.groupe-estia.fr/;https://www.linkedin.com/company/groupe-estia
ŌPUN;https://www.opun.fr/;https://www.linkedin.com/company/connect-with-opun
Hector Advisory;http://www.hector-advisory.com/;https://www.linkedin.com/company/hector-advisory
BogoPlus;https://bogoplus.fr/;https://www.linkedin.com/company/bogoplus
CSA CONSULTING;http://www.csaconsulting.fr/;https://www.linkedin.com/company/csa-consulting
DIAC;https://www.rcibs.com/fr;https://www.linkedin.com/company/diac-rcibs
Piece & Love;https://pieceandlove.fr/;https://www.linkedin.com/company/piece-love
Seyna;;https://www.linkedin.com/company/seyna-insurance
SeDomicilier;https://sedomicilier.fr/;https://www.linkedin.com/company/10324065
FaciliCiti;;https://www.linkedin.com/company/faciliciti
Arnest;http://www.arnest-engineering.com/;https://www.linkedin.com/company/arnest
Doceo Formation;https://www.doceo-formation.com/;https://www.linkedin.com/company/doceo-formation-france
Voyage Privé;http://www.people-voyage-prive.com/;https://www.linkedin.com/company/430117
KOLABS;https://www.kolabs.fr/;https://www.linkedin.com/company/kolabs
Treatwell;https://www.treatwell.fr/;https://www.linkedin.com/company/9315349
Mypl;https://mypl.io/;https://www.linkedin.com/company/27002844
Casamance Group;https://www.casamance.com/;https://www.linkedin.com/company/casamance-group
LITED;https://lited-led.com/;https://www.linkedin.com/company/10323151
La Grande Serre ;http://lagrandeserre.com/;
Artefact;https://artefact.com/fr-fr;https://www.linkedin.com/company/artefact-digital
Bigblue;http://bigblue.co/;https://www.linkedin.com/company/bigblue-co
Terra Cérès;;https://www.linkedin.com/company/terra-ceres-sas
Tigermilk;;https://www.linkedin.com/company/tigermilk-group
FUGU;https://fugustructures.com/;https://www.linkedin.com/company/doyoufugu
Madbox;https://madbox.io/;https://www.linkedin.com/company/madbox
L'Ecole Française;https://lecolefrancaise.fr/;https://www.linkedin.com/company/ecole-francaise
Ioga;https://www.ioga.fr/;https://www.linkedin.com/company/iogafrance
Advents;http://www.advents.fr/;https://www.linkedin.com/company/advents-consulting
LoneScale;https://lonescale.com/;https://www.linkedin.com/company/lonescale
Shopadvizor;https://www.shopadvizor.com/fr;https://www.linkedin.com/company/shopadvizores
JOB4;https://job4.fr/;https://www.linkedin.com/company/2012267
Stokomani;https://www.stokomani.fr/;https://www.linkedin.com/company/stokomani
Virage Energy;https://www.virage-energy.eu/;https://www.linkedin.com/company/virage-energy
LittleBigCode;https://littlebigcode.fr/;https://www.linkedin.com/company/littlebigcode
Julia Mutuelle;https://hellojulia.fr/;https://www.linkedin.com/company/julia-mutuelle
PERTINENS;https://www.pertinens.fr/;https://www.linkedin.com/company/pertinens-agence-conseil
Smartway ;https://smartway.ai/fr/;https://www.linkedin.com/company/z-ro-g-chis
Teaminside ;https://teaminside.fr/;https://www.linkedin.com/company/team-inside
Aravati;https://www.aravati.fr/;https://www.linkedin.com/company/aravati-france
CBP France;https://www.cbp-group.com/;https://www.linkedin.com/company/cbpfrance
Promus;https://www.promus.fr/;https://www.linkedin.com/company/promusfr
TalentView;https://www.talentview.fr/;https://www.linkedin.com/company/talentview-fr
Groupe H&H;;https://www.linkedin.com/company/hh.global
Talentis;http://www.talentis-coach.com/;https://www.linkedin.com/company/talentis
Odigo;https://www.odigo.com/;https://www.linkedin.com/company/odigo
Dialogues & Solutions;http://dialoguesetsolutions.fr/;https://www.linkedin.com/company/dialogues&solutions
Deskeo;http://www.deskeo.fr/;https://www.linkedin.com/company/deskeo
Nouveal e-santé;https://www.nouveal.com/;https://www.linkedin.com/company/nouveal
Maobi ;https://maobi-innovation.com/;https://www.linkedin.com/company/maobi-user-centric-sustainable-innovation
Tricycle;https://tricycle-environnement.fr/;https://www.linkedin.com/company/tricycle-environnement
OXiane;https://www.oxiane.com/;https://www.linkedin.com/company/oxiane-group
Universign;https://www.universign.com/fr/on-recrute/;https://www.linkedin.com/company/universign
Onepilot;https://onepilot.co/;https://www.linkedin.com/company/onepilothq
Arcane;https://arcane.run/;https://www.linkedin.com/company/arcane-run
ritchee;https://ritchee.fr/;https://www.linkedin.com/company/ritchee
Predictis;https://www.predictis.com/;https://www.linkedin.com/company/11706142
Woop;https://www.woopit.fr/;https://www.linkedin.com/company/woopit
ACSIO CONSEIL;https://www.acsio-conseil.com/;https://www.linkedin.com/company/acsio-conseil
Imagination Machine;https://www.imagination-machine.com/;https://www.linkedin.com/company/imaginationmachine
Manty;http://manty.eu/;https://www.linkedin.com/company/manty
Betterway;https://betterway.fr/;https://www.linkedin.com/company/30656207
Groupe Covéa;https://www.covea.eu/fr;https://www.linkedin.com/company/groupecovea
La Bourse aux Livres;https://www.labourseauxlivres.fr/;https://www.linkedin.com/company/labourseauxlivres
DUONYX;http://www.duonyx.com/;https://www.linkedin.com/company/duonyx
Digimood;https://www.digimood.com/;https://www.linkedin.com/company/digimood
DLPK;https://www.dlpk.fr/index.html;https://www.linkedin.com/company/dlpk
Sopra Steria;;https://www.linkedin.com/company/3054
Les Papillons Blancs de la Colline;http://www.papcolline.org/;https://www.linkedin.com/company/lespapillonsblancsdelacolline
Accetal;https://accetal.fr/;https://www.linkedin.com/company/accetal
GONG GALAXY;https://www.gong-galaxy.com/;https://www.linkedin.com/company/gong-sup-1
Clinflows;https://clinflows.com/;https://www.linkedin.com/company/clinflows
 BI Pharma Overseas / BI Pharma;https://bipharma.net/;https://www.linkedin.com/company/bi-pharma-sas
La Rosée;http://www.larosee-cosmetiques.com/;https://www.linkedin.com/company/larosee
Soan;;https://www.linkedin.com/company/soan-solutions
 namR ;https://www.namr.com/;https://www.linkedin.com/company/nam-r
L'immobilière Béryl;https://immobiliere-beryl.fr/;https://www.linkedin.com/company/contact-immobiliere-beryl.fr
RSM;http://www.rsm.global/france;https://www.linkedin.com/company/rsm-france
Witik;;https://www.linkedin.com/company/witik
Digital Native Group;http://www.digitalnativegroup.com/;https://www.linkedin.com/company/digitalnative-group
Mindsay;http://www.mindsay.com/;https://www.linkedin.com/company/mindsayai
homeloop;https://www.homeloop.fr/;https://www.linkedin.com/company/homeloop
Impala;https://impala.in/;https://www.linkedin.com/company/impala-corp.
900.care;https://900.care/;https://www.linkedin.com/company/900-care
SoftBank Robotics Europe;https://www.softbankrobotics.com/emea/;https://www.linkedin.com/company/softbank-robotics-europe
Talk;https://talk-cm.com/;https://www.linkedin.com/company/talkcm
TRSb;https://www.trsb.net/;https://www.linkedin.com/company/trsb
SOLIDARITÉS INTERNATIONAL;https://www.solidarites.org/fr/;https://www.linkedin.com/company/solidarites-international
Valiuz;https://valiuz.com/;https://www.linkedin.com/company/valiuz
Devoteam Management Consulting;https://france-management-consulting.devoteam.com/;https://www.linkedin.com/company/devoteam-management-consulting
Data Soluce;http://datasoluce.com/;https://www.linkedin.com/company/datasoluce
Bruce;https://www.bruce.work/;https://www.linkedin.com/company/bruce.work
HARTMANN France;https://www.hartmann.fr/portail/accueil.htm;https://www.linkedin.com/company/hartmann-group
Besedo;https://besedo.com/;https://www.linkedin.com/company/besedo
Octopus HACCP;https://octopus-haccp.com/;https://www.linkedin.com/company/octopus-digital-kitchen
Agaetis;https://www.agaetis.fr/;https://www.linkedin.com/company/agaetis
A World For Us;http://www.aworldforus.com/;https://www.linkedin.com/company/a-world-for-us
Malou;https://malou.io/;https://www.linkedin.com/company/maloufoodinfluencer
Voip Telecom;https://www.voip-telecom.com/;https://www.linkedin.com/company/voip-telecom
SCOR;https://www.scor.com/en;https://www.linkedin.com/company/scor
Avsf - Agronomes et Vétérinaires Sans Frontières;https://www.avsf.org/fr?gclid=CjwKCAjw9MuCBhBUEiwAbDZ-7t75Ol8p-IA5iBR3ZtFYj4RECGbhHSbId9gYJN-_bAxGS0ETIXcK1xoC6iQQAvD_BwE;https://www.linkedin.com/company/vsf-cicda-agronomes-et-v-t-rinaires-sans-fronti-res
Ornikar;https://www.ornikar.com/;https://www.linkedin.com/company/ornikar
Sonos;https://www.sonos.com/fr-fr/home;https://www.linkedin.com/company/sonos-inc-
Soliance Project;https://www.soliance-project.fr/;https://www.linkedin.com/company/solianceproject
Hivebrite;https://hivebrite.com/;https://www.linkedin.com/company/hivebrite
Awin;https://www.awin.com/fr;https://www.linkedin.com/company/awin-global
MyTrooperS;;https://www.linkedin.com/company/entreprise-mytroopers-9235a9122
Social Transport Solutions ;http://stsweb.fr/;https://www.linkedin.com/company/sts---social-transport-solutions
FROM FUTURE;;https://www.linkedin.com/company/from-future
Sibel Energie;https://www.sibelenergie.fr/;https://www.linkedin.com/company/sibel-energie
Sonio;https://www.sonio.ai/;https://www.linkedin.com/company/sonio
LeLynx.fr;;https://www.linkedin.com/company/lelynx-fr
Faguo;http://www.faguo-store.com/fr;https://www.linkedin.com/company/2119997
PSA Retail;https://www.psa-retail.com/fr/psa-retail/espace-recrutement;https://www.linkedin.com/company/psa-retail-france
Wedia;;https://www.linkedin.com/company/wedia
Prozon;;https://www.linkedin.com/company/Prozon-com
Rosaly;;https://www.linkedin.com/company/rosalyapp
Entrepreneurs d'Intérêt Général;https://entrepreneur-interet-general.etalab.gouv.fr/;https://www.linkedin.com/company/etalab
DIGITALKEYS;https://www.digitalkeys.fr/;https://www.linkedin.com/company/digitalkeys
Cala;https://eatcala.com/;https://www.linkedin.com/company/calaeat
La Javaness;;https://www.linkedin.com/company/la-javaness
Akoya;http://www.akoyaconsulting.com/;https://www.linkedin.com/company/850637
Stafiz;;https://www.linkedin.com/company/stafiz
Madeinvote;https://www.madeinvote.com/;https://www.linkedin.com/company/10673172
REEDOO;;https://www.linkedin.com/company/reedoo
Tacotax;https://www.tacotax.fr/;https://www.linkedin.com/company/tacotax
Mews Partners;https://www.mews-partners.com/;https://www.linkedin.com/company/mews-partners
Česká pošta;;https://www.linkedin.com/company/czech-post
ICC Finance;https://www.icc-finance.fr/;https://www.linkedin.com/company/icc-finance
Zanalys;https://www.zanalys.fr/;https://www.linkedin.com/company/zanalys
Bogoods;https://www.bogoods.com/;
BRED Banque Populaire;https://www.bred.fr/;https://www.linkedin.com/company/bred-banque-populaire
Le Moderato;;https://www.linkedin.com/company/le-moderato
UTOPIES;https://www.utopies.com/;https://www.linkedin.com/company/utopies
WeScale;http://www.wescale.fr/;https://www.linkedin.com/company/wescale
Mozzaik365;https://www.mozzaik365.com/;https://www.linkedin.com/company/mozzaik365
Walter Learning;https://walter-learning.com/;https://www.linkedin.com/company/walter-learning
Tactis;;https://www.linkedin.com/company/tactis
SteelSeries France;https://fr.steelseries.com/;https://www.linkedin.com/company/steelseries
Safecube;https://safecube.com/;https://www.linkedin.com/company/safecube
2PACE;https://2pace.fr/;https://www.linkedin.com/company/2pace
Marjory;https://marjory.io/;https://www.linkedin.com/company/marjory-solution
Webnode;;https://www.linkedin.com/company/webnode-ag
COZY CLOUD;;https://www.linkedin.com/company/cozy-cloud
Sitaci;http://www.sitaci.fr/;https://www.linkedin.com/company/11210825
Qualimetrie;;https://www.linkedin.com/company/qualim-trie
Hubworkair;http://www.hubworkair.com/;https://www.linkedin.com/company/hubworkair
EPSA tax & innovation;https://www.7partners.fr/;https://www.linkedin.com/company/7partners
EP;;https://www.linkedin.com/company/epmakers
Greenly;https://www.greenly.earth/;https://www.linkedin.com/company/greenly-earth
AUDION;https://audi-on.com/;https://www.linkedin.com/company/audi-on
Opensee;https://opensee.io/;https://www.linkedin.com/company/opensee-company
IRIS Interactive;https://www.iris-interactive.fr/;https://www.linkedin.com/company/iris-interactive
LES AGENCES DE PAPA;https://lesagencesdepapa.fr/;https://www.linkedin.com/company/les-agences-de-papa
Dendreo;https://www.dendreo.com/;https://www.linkedin.com/company/dendreo
Cosme Literie;;https://www.linkedin.com/company/cosme
Strada Conseil;https://www.strada-conseil.com/;https://www.linkedin.com/company/strada-conseil
Wooclap;https://www.wooclap.com/;https://www.linkedin.com/company/wooclap
Parkours;http://parkours.fr/;https://www.linkedin.com/company/parkours
Maison Bloom;;https://www.linkedin.com/company/75868894
Hubvisory;https://hubvisory.com/;https://www.linkedin.com/company/hubvisory
Padok;http://www.padok.fr/;https://www.linkedin.com/company/12619667
 Axance Technology;https://www.axance.fr/;https://www.linkedin.com/company/axance-technology
OCUS;https://ocus.com/en/;https://www.linkedin.com/company/ocus
Crèche à 2 pas;http://www.crechea2pas.fr/;https://www.linkedin.com/company/31345965
Teréga;https://www.terega.fr/;https://www.linkedin.com/company/terega
Artik Consulting;https://artik-consulting.com/;https://www.linkedin.com/company/artikconsulting
Groupe TF1;https://groupe-tf1.fr/fr;https://www.linkedin.com/company/groupetf1
eFounders;https://www.efounders.com/;https://www.linkedin.com/company/efounders
Lyf ;http://www.lyf.eu/fr;https://www.linkedin.com/company/11130225
Transway;https://www.transway.fr/;https://www.linkedin.com/company/transway-mobility
Makemepulse;https://www.makemepulse.com/;https://www.linkedin.com/company/makemepulse
Margo;http://www.margo-group.com/;https://www.linkedin.com/company/margofr
Groupe SORÉGIES;https://www.soregies.fr/recrutement;https://www.linkedin.com/company/soregies
PepsiCo France;https://www.pepsico.fr/;https://www.linkedin.com/company/pepsico
KONE Shared Services;https://www.kone.sk/kariera/shared-service-center/;https://www.linkedin.com/company/kone
Swile;https://www.swile.co/;https://www.linkedin.com/company/swile
Eco-tech Ceram;https://www.ecotechceram.com/;https://www.linkedin.com/company/10251563
RP France;https://www.rpfrance.fr/;https://www.linkedin.com/company/48833760
Partoo Italia;https://www.partoo.fr/it/;https://www.linkedin.com/company/13992179
Elis;https://fr.elis.com/fr/groupe/nous-connaitre/notre-strategie;https://www.linkedin.com/company/elis
Inetum;;https://www.linkedin.com/company/68841835
Kipli;https://kipli.com/;https://www.linkedin.com/company/kipli
Aphilia;;https://www.linkedin.com/company/aphilia-io
Coffreo;https://coffreo.biz/;https://www.linkedin.com/company/viastorage-coffreo
The Line;http://www.theline.fr/;https://www.linkedin.com/company/the-line-paris
Provepharm Life Solutions;https://www.provepharm.com/;https://www.linkedin.com/company/provepharmlifesolutions
Cajoo;;https://www.linkedin.com/company/cajooapp
ekWateur;https://ekwateur.fr/;https://www.linkedin.com/company/joul-&-cie
Plaine Images;https://www.plaine-images.fr/;https://www.linkedin.com/company/plaine-images-tourcoing
Babel international;https://www.google.com/url?q=http://www.cafebabel.com&sa=D&source=editors&ust=1613561443519000&usg=AOvVaw2q7x0XQyZ4Duu4m9RTuVB4;https://www.linkedin.com/company/Cafebabel
Wethenew;http://wethenew.com/;https://www.linkedin.com/company/wethenew
MADE.COM;https://www.made.com/fr;https://www.linkedin.com/company/made-com
ReCom;https://www.re-com.fr/;https://www.linkedin.com/company/recom-lyon-prospection-commerciale-externalisee-btob
Mycarspot;https://www.mycarspot.io/;https://www.linkedin.com/company/mycarspot
Yam Food;https://linktr.ee/OrderaYamFood;https://www.linkedin.com/company/71796804
Auum;https://www.auum.fr/;https://www.linkedin.com/company/auum
Air Liquide;https://www.airliquide.com/fr;https://www.linkedin.com/company/airliquide
Sparkmate;https://sparkmate.co/;https://www.linkedin.com/company/sparkmate
Cyberprotect;;https://www.linkedin.com/company/security-of-digital-networks-international
WeProov;https://www.weproov.com/;https://www.linkedin.com/company/we-proov
Ecov;https://www.ecov.fr/fr;https://www.linkedin.com/company/ecov_fr
Mon courtier énergie;https://www.moncourtierenergie.com/;https://www.linkedin.com/company/moncourtierenergie
Jeune Chambre Économique Française;https://www.jcef.asso.fr/;https://www.linkedin.com/company/jcef
Le Wagon;https://www.lewagon.com/;https://www.linkedin.com/company/5046700
Planted Foods GmbH;https://www.eatplanted.com/;https://www.linkedin.com/company/plantedfoods
Neo9 ;https://neo9.fr/;https://www.linkedin.com/company/neo9
Resilience;;
LetUs Private Office;http://letusprivateoffice.com/;https://www.linkedin.com/company/letus-private-office
Rainbow;https://be-rainbow.com/;https://www.linkedin.com/company/rainbow-green-future
Happy to meet you;http://www.happytomeetyou.fr/;https://www.linkedin.com/company/happy-to-meet-you
iMSA;https://informatique.msa.fr/lfy;https://www.linkedin.com/company/imsa-informatique
 Emporio Armani Caffè & Armani / Ristorante ;https://www.emporioarmanicaffeparis.com/;
lemlist;https://lemlist.com/;https://www.linkedin.com/company/lemlist
Bling;;https://www.linkedin.com/company/blingapp
Gaminho;http://gaminho.com/;
BLUENAV;http://www.bluenav.fr/;https://www.linkedin.com/company/bluenav
LSF Energie;http://www.lsf-energie.fr/;https://www.linkedin.com/company/lsf-energie
Lonestone;;https://www.linkedin.com/company/lonestone
BCC;https://bcc-conseil.com/;https://www.linkedin.com/company/bcc-conseil
Jus Mundi;https://jusmundi.com/;https://www.linkedin.com/company/jus-mundi
TiHive;https://tihive.com/;https://www.linkedin.com/company/tihive
BRAND SISTERS;https://www.zapa.fr/;
NEOFACTO France;http://www.neofacto.com/;https://www.linkedin.com/company/neofacto
Klaxit;http://www.klaxit.com/;https://www.linkedin.com/company/klaxit
L'Atelier;https://latelier.co/;https://www.linkedin.com/company/latelier.co
Opencell;https://opencellsoft.com/;https://www.linkedin.com/company/opencell
Alegria.tech;https://alegria.tech/;https://www.linkedin.com/company/alegria-tech
PLEDG;https://pledg.co/;https://www.linkedin.com/company/pledg
ViewPay;http://viewpay.tv/;https://www.linkedin.com/company/viewpay
NNIT Czech Republic;;https://www.linkedin.com/company/nnit
CAMPINGS.COM;https://www.campings.com/fr/;https://www.linkedin.com/company/11044685
Data Impact;http://www.dataimpact.io/;https://www.linkedin.com/company/data-impact-analytics
AGK;https://agk-groupe.com/;https://www.linkedin.com/company/groupe-agk
Onbrane;https://www.onbrane.com/;https://www.linkedin.com/company/onbrane
SESAN;https://sesan.fr/;https://www.linkedin.com/company/gcs-d-sisif
epicery;https://www.epicery.com/;https://www.linkedin.com/company/epicery
ACTRADIS.FR;http://www.actradis.fr/;https://www.linkedin.com/company/actradis-fr
Trusk;;https://www.linkedin.com/company/10330671
DiGEiZ;https://digeiz.com/;https://www.linkedin.com/company/digeiz
sennder France;https://www.sennder.com/fr;https://www.linkedin.com/company/sennder
L'École Multimédia;https://www.ecole-multimedia.com/?utm_source=wttj&utm_medium=directory&utm_campaign=pres_ECOLE_fiche;https://www.linkedin.com/company/l%27ecole-multimedia-vocation-graphique
 EcoMundo;https://www.ecomundo.eu/fr;https://www.linkedin.com/company/ecomundo
Wellpack;https://wellpack.fr/;https://www.linkedin.com/company/wellpack
Boomerang Agency;https://boomerang-agency.fr/;https://www.linkedin.com/company/boomerangagency
Sanofi;https://www.sanofi.fr/;https://www.linkedin.com/company/sanofi
Batch;https://batch.com/;https://www.linkedin.com/company/batch-com
C'est qui le Patron?!;https://lamarqueduconsommateur.com/;
Ressources Mutuelles Assistance;https://www.ressources-mutuelles-assistance.fr/;https://www.linkedin.com/company/rma-ressources-mutuelles-assistance
Inagua SAS - éditeur de DAMAaaS;https://damaaas.com/;https://www.linkedin.com/company/damaaas
Le Fooding;http://www.lefooding.com/;
Groupe ATF;https://www.groupe-atf.com/;https://www.linkedin.com/company/groupe-atf
The Ramp;https://www.theramp.co/?utm_source=wttj&utm_medium=site&utm_campaign=rh;https://www.linkedin.com/company/therampco
KAZoART;https://www.kazoart.com/;https://www.linkedin.com/company/kazoart
Deck & Donohue;https://deck-donohue.com/;https://www.linkedin.com/company/deck-donohue
Inova;https://www.inova-software.com/;https://www.linkedin.com/company/inova-software
Helexia;https://www.helexia.green/;https://www.linkedin.com/company/helexia-d%C3%A9veloppement
Xenia;https://xenia-cohabitation.com/;https://www.linkedin.com/company/xenia-cohabitation
Sextant France et International;https://recrutement-immobilier.sextantfrance.fr/;https://www.linkedin.com/company/sextant-france
Hono;https://hono.agency/;https://www.linkedin.com/company/hono-agency
Billee;https://www.billee.fr/;https://www.linkedin.com/company/billee
Les Miraculeux;https://www.lesmiraculeux.com/;https://www.linkedin.com/company/les-miraculeux
Waste Marketplace;https://www.wastemarketplace.fr/;https://www.linkedin.com/company/waste-marketplace
Paname Brewing Company;https://www.panamebrewingcompany.com/;https://www.linkedin.com/company/paname-brewing-company
Orange;https://www.orange.sk/orange-kariera;https://www.linkedin.com/company/orange
elinoï;https://elinoi.com/;https://www.linkedin.com/company/elinoi
Likeo (ex My Works);https://www.likeo.fr/;https://www.linkedin.com/company/likeo
Wivoo;https://wivoo.fr/;https://www.linkedin.com/company/wivoo
Klow;https://klow.co/;https://www.linkedin.com/company/klow-slowfashion
Paris Fashion Shops;https://parisfashionshops.com/;https://www.linkedin.com/company/13243211
PayLead;https://paylead.fr/;https://www.linkedin.com/company/paylead
Kermony Office;https://www.kermony-office.com/;https://www.linkedin.com/company/kermony-office
Supper;https://www.supper.paris/;https://www.linkedin.com/company/supper.paris
Cyllene;https://www.groupe-cyllene.com/;https://www.linkedin.com/company/cyllene
Workelo;https://www.workelo.eu/;https://www.linkedin.com/company/teamr.io
Psycle Research;https://www.psycle.io/;https://www.linkedin.com/company/psycleresearch
Urbanhub;https://www.urbanhub.fr/;https://www.linkedin.com/company/urbanhub-paris
DOWiNO;https://www.dowino.com/;https://www.linkedin.com/company/dowino
LineUP 7;http://www.lineup7.fr/;https://www.linkedin.com/company/9246987
Lemonaid & Charitea;https://lemon-aid.de/en/;https://www.linkedin.com/company/lemonaid-beverages-gmbh
Artur'In;http://www.arturin.com/;https://www.linkedin.com/company/arturin
Hoggo;https://www.hoggo.com/;https://www.linkedin.com/company/hoggo
Kanbios;http://www.kanbios.fr/;https://www.linkedin.com/company/kanbios
Save Market;https://www.save-market.com/;https://www.linkedin.com/company/save-market
PowerZ;https://powerz.tech/;https://www.linkedin.com/company/powerz
Navmatix;http://www.navmatix.com/;https://www.linkedin.com/company/navmatix-s-r-o-
Innovaxe;https://www.oviala.com/;https://www.linkedin.com/company/innovaxe
Talent Montréal;https://talentmontreal.com/;https://www.linkedin.com/company/talent-montreal
Virgil;https://www.wearevirgil.com/;https://www.linkedin.com/company/wearevirgil
LANCEY Energy Storage;http://www.lancey.fr/;https://www.linkedin.com/company/lancey
Tchek;https://www.tchek.ai/;https://www.linkedin.com/company/tchek-fr
Ecodair;https://www.ecodair.org/;https://www.linkedin.com/company/ecodair
Discngine ;https://www.discngine.com/;https://www.linkedin.com/company/discngine
Dynergie;https://www.dynergie.eu/;https://www.linkedin.com/company/10160249
Assistance Publique - Hôpitaux de Paris - DSI ;https://www.aphp.fr/;https://www.linkedin.com/company/ap-hp
MAMA SHELTER;https://www.mamashelter.com/fr;https://www.linkedin.com/company/mama-shelter
Veb Habitat;https://www.veb-habitat.fr/;https://www.linkedin.com/company/18621967
Ecora;https://ecora.fr/;https://www.linkedin.com/company/ecora-fr
Oh My Cream;https://www.ohmycream.com/;https://www.linkedin.com/company/10908966
Sorare;https://sorare.com/;https://www.linkedin.com/company/sorare
MyTopManager;https://www.mytopmanager.com/;https://www.linkedin.com/company/mytopmanager
Baldwin Partners;https://www.baldwin-partners.com/;https://www.linkedin.com/company/baldwin-partners
Sadec Akelys;https://www.sadec-akelys.fr/;https://www.linkedin.com/company/sadec-akelys
Le Village De L'Emploi;https://village-emploi.fr/;https://www.linkedin.com/company/le-village-de-l-emploi
Groupe ETAM;https://etam-groupe.com/;https://www.linkedin.com/company/groupe-etam
Lizee;https://www.lizee.co/;https://www.linkedin.com/company/lizee-sas
EPAM Systems ;https://en.careers.epam-czech.cz/;https://www.linkedin.com/company/epam-systems
Markentive;https://www.markentive.com/;https://www.linkedin.com/company/markentive
Yapla;https://yapla.com/;https://www.linkedin.com/company/yaplacommunity
FizzUp;https://www.fizzup.com/;https://www.linkedin.com/company/fysiki
Gilbert;https://www.gilbert.paris/;https://www.linkedin.com/company/gilbertfr
Seraphin;https://www.seraphin.be/fr/;https://www.linkedin.com/company/seraphin
chefing;;https://www.linkedin.com/company/chefingtraiteur
Evermaps;http://www.evermaps.com/;https://www.linkedin.com/company/1009220
Qonto;https://qonto.com/;https://www.linkedin.com/company/13205888
Santarome Bio;https://www.santarome.fr/;https://www.linkedin.com/company/santarome-bio
habx;https://www.habx.com/;https://www.linkedin.com/company/habx
CELGE;https://www.celge.fr/;https://www.linkedin.com/company/celge.fr
Flowdesk;https://flowdesk.co/;https://www.linkedin.com/company/flowdesk-france
Matière Brute Lab;;https://www.linkedin.com/company/matiere-brute-lab
IZIPIZI;https://www.izipizi.com/;https://www.linkedin.com/company/2579089
Pix;https://pix.fr/;https://www.linkedin.com/company/gip-pix
Citron®;https://citron.io/;https://www.linkedin.com/company/team-citron
Vendmy;https://vendmy.com/;https://www.linkedin.com/company/vendmy
Paradox;https://www.paradoxgroup.com/;https://www.linkedin.com/company/paradoxnation
Starburst Aerospace;https://starburst.aero/;https://www.linkedin.com/company/starburst-aerospace-accelerator
Theodo;http://www.theodo.fr/fr/;https://www.linkedin.com/company/1962680
Nobo;https://nobo.life/;
Flexsi;http://www.flexsi.fr/;https://www.linkedin.com/company/flexsi
Adaptersamaison.com;https://adaptersamaison.com/;https://www.linkedin.com/company/adaptersamaison-com
Report One;https://www.report-one.fr/;https://www.linkedin.com/company/report-one
Supersec;https://www.supersec.com/;https://www.linkedin.com/company/supersec
Netino by Webhelp;https://netino.fr/;https://www.linkedin.com/company/netino
Emoteev;https://emoteev.io/;https://www.linkedin.com/company/Emoteev
Flatchr;;https://www.linkedin.com/company/flatchr
GlobalExam;https://global-exam.com/;https://www.linkedin.com/company/global-exam
Rogervoice;https://rogervoice.com/;https://www.linkedin.com/company/rogervoice
Enea Consulting;http://www.enea-consulting.com/;https://www.linkedin.com/company/enea-consulting
Embarq;https://www.embarq.fr/;https://www.linkedin.com/company/embarq.fr
Okayo;;https://www.linkedin.com/company/25771177
Napoleon Group;https://napoleon-group.com/;https://www.linkedin.com/company/napoleongroup
26 Academy;https://www.26academy.com/;
Magnolia.fr;https://www.magnolia.fr/;https://www.linkedin.com/company/magnolia-web-assurances
Reech;https://www.reech.com/fr/;https://www.linkedin.com/company/reech_com
Opteamis;https://www.opteamis.com/;https://www.linkedin.com/company/opteamis
BearingPoint France;https://www.bearingpoint.com/fr-fr;https://www.linkedin.com/company/1349
TOMCAT FACTORY;https://www.tomcat-factory.com/;https://www.linkedin.com/company/tomcat-factory
Beenox;https://beenox.com/;https://www.linkedin.com/company/beenox
MyUnisoft;https://www.myunisoft.fr/;https://www.linkedin.com/company/myunisoft
Quable;https://www.quable.com/;https://www.linkedin.com/company/quable
Innovafeed ;https://innovafeed.com/;https://www.linkedin.com/company/innovafeed
DataGalaxy;;https://www.linkedin.com/company/datagalaxy
Wiidii;https://www.wiidii.com/;https://www.linkedin.com/company/wiidii
Ubitransport;https://www.ubitransport.com/;https://www.linkedin.com/company/ubi-transports
Energy services;;
R Web;;
LFA Startup studio;https://www.lfa-fund.org/;https://www.linkedin.com/company/lfa-fund
Little Worker;https://www.littleworker.fr/;https://www.linkedin.com/company/10811940
Big Happy;https://big-happy.fr/;https://www.linkedin.com/company/agence-happy
Rutabago;https://rutabago.com/;https://www.linkedin.com/company/rutabago
VONA;https://www.vona.eu/;https://www.linkedin.com/company/vona-consulting
Vet Dev;https://familyvets.fr/;
Actusite;http://www.actusite.fr/;https://www.linkedin.com/company/actusite
2Gezer;https://2gezer.fr/;https://www.linkedin.com/company/2gezer
OpenWork;https://www.openwork.co/fr;https://www.linkedin.com/company/lemondeapres
Luos;https://luos.io/;https://www.linkedin.com/company/luos
INTERSEC GROUP;https://www.intersec.com/careers;https://www.linkedin.com/company/intersec-group
Dataiku;https://www.dataiku.com/;https://www.linkedin.com/company/dataiku
Dashlane;https://www.dashlane.com/en;https://www.linkedin.com/company/2049626
Thélio;https://www.thelio.fr/;https://www.linkedin.com/company/th%C3%A9lio
Interface Hospitality Solutions;https://www.interfacegroup.fr/;https://www.linkedin.com/company/interface-restauration
Sendethic;https://www.sendethic.com/;https://www.linkedin.com/company/sendethic
Stereolabs;https://www.stereolabs.com/;https://www.linkedin.com/company/stereolabs
Sensaterra;https://www.sensaterra.com/;https://www.linkedin.com/company/sensaterra
LTU Tech;https://ltutech.com/;https://www.linkedin.com/company/34905
Agicap;https://agicap.com/;https://www.linkedin.com/company/agicap
PayPlug;;https://www.linkedin.com/company/payplug
Leeway;https://getleeway.com/;https://www.linkedin.com/company/getleeway
Veltys;http://www.veltys.com/;https://www.linkedin.com/company/veltys
AXA;https://recrutement.axa.fr/;https://www.linkedin.com/company/axa-france
Numbr;https://www.gonumbr.fr/;https://www.linkedin.com/company/reseau-numbr
MOMA GROUP;http://www.moma-group.net/;https://www.linkedin.com/company/11217039
Kelbongoo;https://www.kelbongoo.com/;https://www.linkedin.com/company/11031821
SFG Holding;https://www.sfgh.cz/;https://www.linkedin.com/company/sfg-holding-a-s
Luko;https://www.luko.eu/;https://www.linkedin.com/company/luko
Oze-Energies;https://www.oze-energies.com/;https://www.linkedin.com/company/oze-energies
Tenzing Conseil;http://tenzingconseil.fr/;https://www.linkedin.com/company/tenzing-conseil
Aventim;https://www.aventim.com/;https://www.linkedin.com/company/AVENTIM
ISoft;https://www.isoft.fr/;https://www.linkedin.com/company/isoft_2
Tabesto;http://www.tabesto.com/;https://www.linkedin.com/company/tabesto
Silex;https://www.silex-france.com/silex/;https://www.linkedin.com/company/silex-france
Alchimie;http://fr.alchimie.com/;https://www.linkedin.com/company/alchimie-
ACT Commodities ;https://www.actcommodities.com/;https://www.linkedin.com/company/act-commodities
Waekura;https://www.waekura.com/;https://www.linkedin.com/company/11208866
Mychezmoi;https://jobs.mymarseille.com/decouvrez-mymarseille;https://www.linkedin.com/company/mychezmoi.com
Oiko gestion;https://www.oikogestion.fr/;https://www.linkedin.com/company/oikogestion
The Source;https://thesource.social/;https://www.linkedin.com/company/the-source-.-social
Hipto;http://www.hipto.com/;https://www.linkedin.com/company/hiptofr
Dr. Max Group ;https://www.drmax.eu/;https://www.linkedin.com/company/dr-max
StaffMe;http://www.staffme.fr/;https://www.linkedin.com/company/staffme
D+ For Care;https://dplusforcare.com/;https://www.linkedin.com/company/dayplus
Garance & Moi (ex 5A Conseil);http://www.garance-et-moi.com/;https://www.linkedin.com/company/garance-et-moi
WELMO;https://www.welmo.fr/;https://www.linkedin.com/company/10640109
ISOFIS;https://www.isofis.fr/;https://www.linkedin.com/company/isofis
ReachFive;;https://www.linkedin.com/company/reachfive
NovaSanco;https://www.novasanco.fr/;https://www.linkedin.com/company/novasanco
HARFANGLAB;https://www.harfanglab.fr/fr/home.html;https://www.linkedin.com/company/harfanglab
Enedis;http://www.enedis.fr/travailler-chez-enedis;https://www.linkedin.com/company/enedis
Powder;https://powder.gg/;https://www.linkedin.com/company/gustshow
Mantu;https://www.mantu.com/;https://www.linkedin.com/company/mantugroup
Silvr;https://silvr.co/;https://www.linkedin.com/company/getsilvr
Greenworking;https://www.greenworking.fr/;https://www.linkedin.com/company/1229020
EMF Media;https://www.emf.media/;https://www.linkedin.com/company/68275933
Élégance au m2;https://eleganceaum2.fr/;https://www.linkedin.com/company/11208825
Spaag;http://www.spaag.fr/;https://www.linkedin.com/company/spaag
Alma;https://www.getalma.eu/;https://www.linkedin.com/company/alma-alma-alma
Technofounders;http://www.technofounders.com/;https://www.linkedin.com/company/technofounders
Newsbridge;https://www.newsbridge.io/;https://www.linkedin.com/company/newsbridge
Apptitude;https://apptitude.ch/;https://www.linkedin.com/company/apptitude-ch
Spot;https://justspot.io/en/;https://www.linkedin.com/company/justspot
Japhy;https://japhy.fr/;
MP DATA;https://mpdata.fr/;https://www.linkedin.com/company/mp-data-ds
Baracoda;http://www.baracoda.com/;https://www.linkedin.com/company/28170438
SoCloz;https://www.socloz.com/;https://www.linkedin.com/company/socloz
Dotscreen;https://dotscreen.com/;https://www.linkedin.com/company/dotscreencompany
edufactory;http://www.edufactory.com/;https://www.linkedin.com/company/edufactory
Ako10;https://www.monamenagementjardin.fr/;https://www.linkedin.com/company/25959992
HubSpot;https://www.hubspot.com/careers/;https://www.linkedin.com/company/hubspot
Nextérité;http://www.nexterite.com/;https://www.linkedin.com/company/nexterite
WebexpR;;https://www.linkedin.com/company/wholehelp
LA PATELIERE;http://www.lapateliere.com/;
Green2Gas;https://green2gas.com/;https://www.linkedin.com/company/green2gas
Oscaro;https://www.oscaro.com/;https://www.linkedin.com/company/oscaro
Solocal;https://www.solocal.com/;https://www.linkedin.com/company/solocal-groupe
Tiime;https://www.tiime.fr/;https://www.linkedin.com/company/tiime-app
ProovStation;https://www.proovstation.com/;https://www.linkedin.com/company/proovstation
TOUTES MES AIDES;https://www.toutesmesaides.fr/;https://www.linkedin.com/company/11684616
Lamarck Group;https://www.lamarck-group.com/;https://www.linkedin.com/company/lamarck-group
Amplitude Studios;https://www.amplitude-studios.com/;https://www.linkedin.com/company/amplitude-studios
Skilleos;https://skilleos.com/;https://www.linkedin.com/company/skilleos
Energie IP;https://energie-ip.com/;https://www.linkedin.com/company/energieip
Timetonic;https://timetonic.com/;https://www.linkedin.com/company/timetonic
InVivo Digital Factory;https://www.invivo-group.com/fr/invivo-digital-factory;https://www.linkedin.com/company/invivodigitalfactory
MWM;http://musicworldmedia.com/;https://www.linkedin.com/company/11173366
ACSEO;https://www.acseo.fr/;https://www.linkedin.com/company/acseo
IBM Interactive;http://ibminteractive.fr/#/home;https://www.linkedin.com/company/ibm-interactive-an-ibm-company
INGEVA;http://www.ingeva.fr/;https://www.linkedin.com/company/agap2ferro
Règles Élémentaires;https://www.regleselementaires.com/;https://www.linkedin.com/company/regleselementaires
Funky Veggie;https://www.funkyveggie.fr/;https://www.linkedin.com/company/funky-veggie
Immo2;https://immo2.pro/;
Lifen;https://www.lifen.fr/;https://www.linkedin.com/company/honestica
Yeap;https://yeap.ai/;https://www.linkedin.com/company/yeapaye
Flying for you ;https://www.flyingforyou.fr/;https://www.linkedin.com/company/flying-4-you
Didomi;https://www.didomi.io/en/;https://www.linkedin.com/company/didomi
Atmosphères Agence Du Groupe Addikt;https://www.atmospheres.tm.fr/;https://www.linkedin.com/company/atmospheresaddiktgroup
Bettercalldave;;https://www.linkedin.com/company/bettercalldave
Impulse Analytics;https://www.impulse-analytics.com/;https://www.linkedin.com/company/impulse-analytics
Fefe;;https://www.linkedin.com/company/fefe-the-french-hard-seltzer
RINGOVER GROUP;https://www.ringover.fr/;https://www.linkedin.com/company/ringovergroup
OOTI;https://www.ooti.co/;https://www.linkedin.com/company/27001476
GOURMET FOOD FRANCE;http://www.gourmetfoodfrance.com/;https://www.linkedin.com/company/gourmet-food-france
ERA2140;https://era2140.com/;
Stilog IST;https://www.stilog.com/;https://www.linkedin.com/company/stilog
MeetDeal;https://meetdeal.fr/;https://www.linkedin.com/company/meetdeal
Leocare;https://leocare.eu/;https://www.linkedin.com/company/25478517
Flaneurz;https://www.flaneurz.com/;https://www.linkedin.com/company/5282932
Connecting Food;https://connecting-food.com/;https://www.linkedin.com/company/connecting-food
Branded;https://joinbranded.com/;https://www.linkedin.com/company/joinbranded
Motilde;;https://www.linkedin.com/company/motilde
HEDON TECHNOLOGIES;https://www.hedontechnologies.com/;https://www.linkedin.com/company/hedon-technologies
Petty Well;https://www.pettywell.com/;https://www.linkedin.com/company/petty-well
Lion;https://joinlion.co/;https://www.linkedin.com/company/maria-schools
ID Interactive;https://www.id-interactive.fr/;https://www.linkedin.com/company/id-interactive-france
Growthmakers;https://growthmakers.fr/;https://www.linkedin.com/company/growth-makers
Trace One;https://www.traceone.com/fr;https://www.linkedin.com/company/trace-one
BISCUITS BOUVARD;https://www.biscuits-bouvard.com/;https://www.linkedin.com/company/biscuits-bouvard
THE FULL ROOM;http://thefullroom.com/;https://www.linkedin.com/company/thefullroomagency
LittleBIG Connection;https://www.littlebigconnection.com/;https://www.linkedin.com/company/littlebig-connection
Jooxter;https://jooxter.com/;https://www.linkedin.com/company/jooxter
Incomm;https://www.incomm.fr/;https://www.linkedin.com/company/incomm-agence-web
Olympp;https://olympp.fr/;https://www.linkedin.com/company/olympp
Kili Technology ;https://kili-technology.com/;https://www.linkedin.com/company/kili-technology
Optimhome;https://www.optimhome-recrutement.com/;https://www.linkedin.com/company/optimhome
Shopify;https://www.shopify.com/;https://www.linkedin.com/company/shopify
Groupe PDBM (Pied de Biche - Maradji);https://www.groupe-pdbm.com/;https://www.linkedin.com/company/10450949
Groupe Euodia;https://www.euodia.fr/;https://www.linkedin.com/company/euodia-finance
Unifai;https://www.unifai.fr/;https://www.linkedin.com/company/unifai
Primobox;https://www.primobox.com/;https://www.linkedin.com/company/primobox
MaPUI LABS;https://www.mapui.fr/;https://www.linkedin.com/company/mapui
BTI Advisory;https://bti-advisory.com/;https://www.linkedin.com/company/bti---advisory
Duo For A Job;https://www.duoforajob.fr/;https://www.linkedin.com/company/duo-for-a-job
Software Club;https://softwareclub.io/;
Agence Dn'D;https://www.dnd.fr/;https://www.linkedin.com/company/agence-dnd
Iroko;;https://www.linkedin.com/company/iroko-co
Orbit;https://orbit.love/;https://www.linkedin.com/company/orbitco
Stockly;https://stockly.ai/;https://www.linkedin.com/company/stockly.ai
OLYN SOFT;https://olynsoft.com/;https://www.linkedin.com/company/olynsoft
BONE 3D;https://bone3d.com/;https://www.linkedin.com/company/bone3d
Citygo;;https://www.linkedin.com/company/citygo
TEKYN;https://tekyn.com/;https://www.linkedin.com/company/tekyn-io
Bonnie&Smile;https://www.bonnieandsmile.com/;
herdia ;https://www.herdia.fr/;https://www.linkedin.com/company/herdia
Pokawa;;https://www.linkedin.com/company/pokawa
Stairwage;https://www.stairwage.com/;https://www.linkedin.com/company/stairwage
Groupe Tolmar;https://tolmar-groupe.fr/;https://www.linkedin.com/company/tolmar-courtier-en-immobilier
Logista France;https://www.logistafrance.fr/fr/home.html;https://www.linkedin.com/company/logista-france-s-a-
Pixyz Software;https://www.pixyz-software.com/;https://www.linkedin.com/company/pixyz-software
Appenin;https://www.appenin.fr/;https://www.linkedin.com/company/appenin
Legal & Digital ;https://www.legal-digital.fr/;https://www.linkedin.com/company/legaldigital
Pony;https://www.getapony.com/;https://www.linkedin.com/company/ponybikesltd
Data Recrutement;https://datarecrutement.fr/;https://www.linkedin.com/company/data-recrutement
Qobuz;;https://www.linkedin.com/company/2582017
AppScho;http://appscho.com/;https://www.linkedin.com/company/appscho
MeiliSearch;https://www.meilisearch.com/;https://www.linkedin.com/company/meilisearch
SportsDynamics;https://sportsdynamics.eu/;https://www.linkedin.com/company/sportsdynamics
SkyReal;;https://www.linkedin.com/company/SkyReal
Capifrance;https://recrutement.capifrance.fr/;https://www.linkedin.com/company/capifrance
Devinsley ;http://www.devinsley.com/;https://www.linkedin.com/company/devinsley
Groupe GEMA - ESI Business School & IA School;https://www.groupe-gema.com/;https://www.linkedin.com/company/groupe-gema
Mon Bel Appart;https://www.monbelappart.com/;https://www.linkedin.com/company/mon-bel-appart
Pepette;;https://www.linkedin.com/company/pepettepetfood
Planity;https://www.planity.com/;https://www.linkedin.com/company/planity.com
ALOGIA Groupe;https://alogiagroupe.com/;https://www.linkedin.com/company/alogia
Kardinal;https://www.kardinal.ai/;https://www.linkedin.com/company/kardinalai
Kimaï;https://kimai.com/;https://www.linkedin.com/company/kimai
Manadge;;https://www.linkedin.com/company/manadge
YouLoveWords;http://www.youlovewords.com/;https://www.linkedin.com/company/youlovewords
Questions Pour Une Fine Bouche;https://www.questionspourunefinebouche.fr/;https://www.linkedin.com/company/questions-pour-une-fine-bouche
Les Filles & Les Garçons de la Tech;;https://www.linkedin.com/company/lesfillesetlesgar%C3%A7onsdelatech
Ascanio;https://ascan.io/;https://www.linkedin.com/company/ascanio-accompagnement-digital
Perifit;https://fr.perifit.co/;https://www.linkedin.com/company/perifit
Nicomak;;https://www.linkedin.com/company/nicomak
DOLIST;https://www.dolist.com/;https://www.linkedin.com/company/dolist-net
Pôle EMC2;https://www.pole-emc2.fr/;https://www.linkedin.com/company/p-le-emc2
Daveo;http://www.daveo.fr/;https://www.linkedin.com/company/daveo
Avizio;https://www.avizio.fr/?utm_source=wttj;https://www.linkedin.com/company/avizio
Work&You;https://www.workandyou.fr/;https://www.linkedin.com/company/work-you
Archipels;;https://www.linkedin.com/company/archipels
Siemens - závody;https://new.siemens.com/cz/cs.html;https://www.linkedin.com/company/siemens
Agence Rébellion ;https://rblln.fr/;https://www.linkedin.com/company/agence-rebellion
Soufflé ;http://www.soufflekitchen.com/;https://www.linkedin.com/company/soufflekitchen
NIRYO;https://niryo.com/;https://www.linkedin.com/company/niryo
Fleurs d'Ici / WeTradeLocal.io;;https://www.linkedin.com/company/fleursdici
Agence Producteurs Locaux;https://www.agenceproducteurslocaux.com/;https://www.linkedin.com/company/agence-producteurs-locaux
Sopra Steria Next;https://www.soprasteria.fr/services/conseil;https://www.linkedin.com/company/soprasteria-next
AIR DDM;https://airddm.com/fr/;https://www.linkedin.com/company/airddm
Amabilis;https://www.amabilis.fr/;https://www.linkedin.com/company/freedom-services
Delivening;https://delivening.fr/;https://www.linkedin.com/company/28632761
GameWard;https://gameward.team/;https://www.linkedin.com/company/gameward
What Matters ;https://www.what-matters.fr/;https://www.linkedin.com/company/64736824
British American Tobacco;http://www.batczech.cz/;
YAGGO;https://www.yaggo.co/;https://www.linkedin.com/company/yaggo.co
Click&Care;https://clickandcare.fr/;https://www.linkedin.com/company/click&care
Santexpat;https://santexpat.fr/;https://www.linkedin.com/company/santexpat
Waltio;https://waltio.co/;https://www.linkedin.com/company/waltio
Be:Mo Tech;https://be-mo.io/;https://www.linkedin.com/company/be-mo-tech
Bpifrance Digital ;https://talents.bpifrance.fr/;https://www.linkedin.com/company/bpifrance
Heroes Jobs;https://www.heroes.jobs/;https://www.linkedin.com/company/heroesjobs
Bellman;https://bellman.immo/;https://www.linkedin.com/company/bellman-immo
Dagoma;https://www.dagoma3d.com/;https://www.linkedin.com/company/dagoma3d
Bourse de l'Immobilier;https://www.bourse-immobilier.fr/;https://www.linkedin.com/company/bourse-de-l%27immobilier
Fortuna Entertainment Group;http://www.feg.eu/cz/uvod/index.html;https://www.linkedin.com/company/fortuna-entertainment-group
Eloquant;https://www.eloquant.com/;https://www.linkedin.com/company/eloquant
Progexia;http://progexia.fr/;https://www.linkedin.com/company/progexia
Diligo;https://www.diligo-solutions.com/;https://www.linkedin.com/company/34892749
Programme Malin;https://www.programme-malin.com/;
AlumnEye;https://www.alumneye.fr/;https://www.linkedin.com/company/alumneye
Lynkus;https://lynkus.fr/;https://www.linkedin.com/company/28388861
Viessmann;https://www.viessmann.cz/;https://www.linkedin.com/company/viessmann-cesko
CFNEWS (Corporate Finance News);https://www.cfnews.net/;https://www.linkedin.com/company/cfnews
Somfy;https://www.somfy-group.com/fr-fr/;https://www.linkedin.com/company/somfy
reciTAL;https://recital.ai/;https://www.linkedin.com/company/r%C3%A9cital
47 Quai;http://www.47quai.com/;https://www.linkedin.com/company/47quai
TEHTRIS;;https://www.linkedin.com/company/tehtris
Eurogroup Consulting;http://www.eurogroupconsulting.com/;https://www.linkedin.com/company/7238
Orange;https://orange.jobs/jobs/search.do?lang=FR;https://www.linkedin.com/company/orange
Equa bank;https://www.equabank.cz/;https://www.linkedin.com/company/equa-bank-a-s-
Akeneo ;https://www.akeneo.com/fr/;https://www.linkedin.com/company/2862073
Natixis;https://www.natixis.com/;https://www.linkedin.com/company/natixis
Manaos;https://www.manaos.com/;https://www.linkedin.com/company/manaos-open-servicing
Studi - Digital Education for Life ;https://www.studi.fr/;https://www.linkedin.com/company/10132048
Studely;;
One Team;https://www.oneteam.fr/;https://www.linkedin.com/company/weareoneteam
Libheros;https://libheros.fr/;https://www.linkedin.com/company/lib-h%C3%A9ros
Jho.;https://www.jho.fr/;https://www.linkedin.com/company/jho-fr
Trustt;https://www.trustt.io/;https://www.linkedin.com/company/trustbeauty
GeoRide;https://georide.fr/;https://www.linkedin.com/company/GeoRideFr
Pennylane;https://www.pennylane.tech/;https://www.linkedin.com/company/pennylaneaccounting
OneSide;http://www.oneside.fr/;https://www.linkedin.com/company/oneside
WiziFarm;https://wizi.farm/;https://www.linkedin.com/company/wizifarm
Black Tiger;https://blacktiger.tech/;https://www.linkedin.com/company/blacktigertech
YouSchool;https://www.youschool.fr/;https://www.linkedin.com/company/youschool.fr
Armáda České republiky;https://kariera.army.cz/;
LeHibou ;https://www.lehibou.com/;https://www.linkedin.com/company/5353794
KPMG;http://www.vyrostlijsme.cz/;https://www.linkedin.com/company/kpmg-czech-republic
Nooz Optics;https://www.nooz-optics.com/;https://www.linkedin.com/company/nooz-optics
Ÿnsect;https://www.ynsect.com/fr/;https://www.linkedin.com/company/ynsect
Hello Tomorrow;https://hello-tomorrow.org/;https://www.linkedin.com/company/hello-tomorrow-challenge
Cefim;https://www.cefim.eu/;https://www.linkedin.com/company/cefim
Popcarte;;https://www.linkedin.com/company/popcarte
Leed Consulting;http://leed-consulting.fr/;https://www.linkedin.com/company/leed-consulting-france
Uptale;https://www.uptale.io/;https://www.linkedin.com/company/Uptale
Wazo;;https://www.linkedin.com/company/wazo-inc
CDB;https://www.cdb.fr/;https://www.linkedin.com/company/cd&b
Archionline;https://www.archionline.com/;https://www.linkedin.com/company/5007504
The AI Institute;https://professorbob.ai/;
Banque Populaire Alsace Lorraine Champagne;http://bpalc@bpalc.fr/;https://www.linkedin.com/company/banque-populaire-alsace-lorraine-champagne
Home Sight;https://www.mob-in.com/;
Comptalib;https://www.comptalib.com/;https://www.linkedin.com/company/comptalib
Grant Thornton;;https://www.linkedin.com/company/grant-thornton-france
SILEANE;https://www.sileane.com/;https://www.linkedin.com/company/sileane
Red Edition;https://rededition.com/;
Wittyfit;https://wittyfit.com/;https://www.linkedin.com/company/wittyfit
Aymax;;https://www.linkedin.com/company/aymax-consulting
FANVOICE;https://www.fanvoice.fr/;https://www.linkedin.com/company/fanvoice
Comeandwork;https://www.comeandwork.com/;https://www.linkedin.com/company/comeandwork
Mention;https://mention.com/fr/;https://www.linkedin.com/company/mention
Life in Balance Careers;https://www.yb12coach.com/coach/DorotheeOung/;https://www.linkedin.com/company/life-in-balance-careers
Beaubourg Avocats;https://beaubourg-avocats.fr/;https://www.linkedin.com/company/beaubourg-avocats
Ministère Des Finances;https://www.economie.gouv.fr/;
iziwork;;https://www.linkedin.com/company/iziwork
DE FURSAC;https://www.defursac.fr/;https://www.linkedin.com/company/de-fursac
Ailancy;;https://www.linkedin.com/company/ailancy
Labelium Group ;https://www.labelium.com/paris;https://www.linkedin.com/company/labelium
Service d'information du Gouvernement;https://www.gouvernement.fr/;
Maison Gazelle;https://maisongazelle.com/;
GroupM;https://welcometogroupmfrance.com/;https://www.linkedin.com/company/3765
Shayp;;https://www.linkedin.com/company/shayp
Collectif Energie;https://www.collectifenergie.com/;https://www.linkedin.com/company/collectifenergie
PAYTWEAK;https://www.paytweak.com/;https://www.linkedin.com/company/paytweak
I MAKE;;https://www.linkedin.com/company/imakecom
BEYABLE;http://www.beyable.com/;https://www.linkedin.com/company/beyable
Datategy;http://datategy.net/fr/accueil/;https://www.linkedin.com/company/datategy
PyLadies CZ;https://pyladies.cz/;
Melchior;http://www.melchior.pro/;
BPCE Financement ;;https://www.linkedin.com/company/bpce
Cegid;http://jobs.cegid.com/;https://www.linkedin.com/company/cegid
Hello Watt;https://www.hellowatt.fr/;https://www.linkedin.com/company/hello-watt
Aubay;https://www.aubay.com/;https://www.linkedin.com/company/aubay
AB Tasty;https://www.abtasty.com/;https://www.linkedin.com/company/ab-tasty
Emmaüs Connect;;https://www.linkedin.com/company/emmausconnect
Tessan;https://www.tessan.io/;https://www.linkedin.com/company/tessan
Valeo vývojové centrum;;https://www.linkedin.com/company/valeo
Valeo výrobní závody;;https://www.linkedin.com/company/valeo
IDECSI;https://idecsi.com/fr/;https://www.linkedin.com/company/idecsi
Omnicom Media Group;http://www.omnicommediagroup.cz/;https://www.linkedin.com/company/omnicom-media-group-czech
Storelift;https://www.storelift.co/;https://www.linkedin.com/company/storelift
Spectral;https://spectraltms.com/;https://www.linkedin.com/company/spectral-augmented-industries
Redstart;https://www.redstart.fr/;https://www.linkedin.com/company/redstart-inc.
Reportlinker;https://www.reportlinker.com/;https://www.linkedin.com/company/reportlinker-com
Marigny Capital;http://www.marignycapital.com/;https://www.linkedin.com/company/marigny-capital
Les Résidences Yvelines Essonne;https://lesresidences.fr/;https://www.linkedin.com/company/les-residences-yvelines-essonne
Huttopia;https://europe.huttopia.com/;https://www.linkedin.com/company/huttopia-s-a
Hunteed;https://hunteed.com/;https://www.linkedin.com/company/hunteed
Fifty;https://www.fifty.do/;https://www.linkedin.com/company/thefiftyapp
Atecna;https://www.atecna.fr/;https://www.linkedin.com/company/atecna
LBF - La Brasserie Fondamentale;https://www.lbf-biere.fr/;
FDJ - La Française des Jeux;;https://www.linkedin.com/company/164660
The Beans On Fire;https://thebeansonfire.com/;https://www.linkedin.com/company/the-beans-on-fire
EverWatt;https://www.everwatt.com/;
Linkvalue;http://link-value.fr/;https://www.linkedin.com/company/linkvalue
Hager Group;https://www.hagergroup.com/;https://www.linkedin.com/company/hagergroup
Cepheïd Consulting;http://www.cepheid-consulting.com/;https://www.linkedin.com/company/cepheid-consulting
Health Data Hub;https://www.health-data-hub.fr/;https://www.linkedin.com/company/health-data-hub
Yanport;http://yanport.com/;https://www.linkedin.com/company/yanport
Adn Realty;https://www.adn-realty.com/;https://www.linkedin.com/company/adn-realty
SWOOPIN;https://swoopin.green/;https://www.linkedin.com/company/swoopintech
Laboté;https://www.labote.paris/;https://www.linkedin.com/company/11083159
CARBON IT;http://carbon-it.fr/;https://www.linkedin.com/company/carbon-it
QIMA;https://www.qima.com/;https://www.linkedin.com/company/qima
ERIC BOMPARD;http://www.eric-bompard.com/;https://www.linkedin.com/company/eric-bompard
Accor Tech;https://group.accor.com/en;https://www.linkedin.com/company/Accor
Publimag;http://www.info-entreprise.com/;
HIGHCO;https://www.highco.com/;https://www.linkedin.com/company/highco
Solution BI Canada;https://www.solution-bi.com/ca-fr/;https://www.linkedin.com/company/solutionbicanada
Doctrine;https://doctrine.fr/recrutement;https://www.linkedin.com/company/doctrine
Hardloop;https://www.hardloop.fr/;https://www.linkedin.com/company/hardloop
Beamy;http://beamy.io/;https://www.linkedin.com/company/beamy.io
Meritis;http://www.meritis.fr/;https://www.linkedin.com/company/meritis
Vitibot;https://vitibot.fr/;https://www.linkedin.com/company/vitibot
Lucky Cart;https://www.luckycart.com/fr/;https://www.linkedin.com/company/lucky-cart
Anson McCade;https://www.ansonmccade.com/;https://www.linkedin.com/company/anson-mccade-france
Pumpkin;https://pumpkin-app.co/;https://www.linkedin.com/company/pumpkin-app
Pumpkin;https://pumpkin-app.co/;https://www.linkedin.com/company/pumpkin-app
Syrtals;https://www.syrtals.com/;https://www.linkedin.com/company/11022158
Acolad;https://www.acolad.com/;https://www.linkedin.com/company/acolad-group
Biron;https://birondata.com/;https://www.linkedin.com/company/biron
Upflow;https://www.upflow.io/;https://www.linkedin.com/company/upflowhq
MoovOne;http://moovone.eu/;https://www.linkedin.com/company/moovone
Cleyrop;https://cleyrop.com/;https://www.linkedin.com/company/cleyrop
Wedo studios;http://www.wedostudios.fr/;https://www.linkedin.com/company/wedostudios
Travaux.com;https://www.travaux.com/;https://www.linkedin.com/company/travaux-com-officiel
Bouygues Telecom;;https://www.linkedin.com/company/bouygues-telecom
COYOTE;http://www.moncoyote.com/;https://www.linkedin.com/company/coyote-systems
Nacarat;https://nacarat.com/;https://www.linkedin.com/company/nacarat
Recherches Et Horizons;https://www.reth.fr/;https://www.linkedin.com/company/recherches-et-horizons
Tanaman;https://www.tanaman.fr/;https://www.linkedin.com/company/tanaman
advizeo;http://www.advizeo.io/;https://www.linkedin.com/company/advizeo
Elithis;http://www.elithis.fr/;https://www.linkedin.com/company/elithisgroupe
Foodvisor;http://www.foodvisor.io/;https://www.linkedin.com/company/foodvisor
Infinite Square;https://www.infinitesquare.com/;https://www.linkedin.com/company/2922207
Invoxia;;https://www.linkedin.com/company/1479232
bizKor;https://bizkor.fr/;https://www.linkedin.com/company/bizkor
Sensefuel;https://www.sensefuel.com/fr/;https://www.linkedin.com/company/sensefuel
WeeFin;https://weefin.co/;https://www.linkedin.com/company/weefin
TwicPics;http://www.twicpics.com/;https://www.linkedin.com/company/twicpics
Lunii;https://carriere.lunii.com/;https://www.linkedin.com/company/5194922
Neoxia;http://www.neoxia.com/;https://www.linkedin.com/company/neoxia
papernest;https://www.papernest.com/;https://www.linkedin.com/company/papernest
Malt;http://www.malt.com/;https://www.linkedin.com/company/maltcommunity
ADLPerformance;https://www.adlperformance.com/fr;https://www.linkedin.com/company/adlperformance
CertiNergy & Solutions;http://www.certinergy.com/;https://www.linkedin.com/company/1797003
Amazing Places;https://www.amazingplaces.cz/;https://www.linkedin.com/company/amazing-places-&-kouzeln%C3%A1-m%C3%ADsta-v-%C4%8Dr
Manutan;http://www.manutan.fr/;https://www.linkedin.com/company/manutan-france
Fiparc;http://fiparc.fr/;https://www.linkedin.com/company/fiparc
Sodexo Pass France;https://www.sodexoavantages.fr/;https://www.linkedin.com/company/sodexo-benefits-and-rewards-services
Avis Vérifiés (Net Reviews);http://www.avis-verifies.com/;https://www.linkedin.com/company/net-reviews
8SEC;https://www.8sec.games/;
FHCOM;http://www.fhcom.net/;
Beanstock;https://beanstock.fr/;https://www.linkedin.com/company/beanstockfr
Per Angusta;;https://www.linkedin.com/company/per-angusta
Inex Circular;https://sourcing.inex-circular.com/;https://www.linkedin.com/company/inex-circular
77 Foods;http://77foods.co/;https://www.linkedin.com/company/77foods
Groupe Nexeo ;http://www.nexeo.fr/;https://www.linkedin.com/company/106055
Matters;http://matters.tech/;https://www.linkedin.com/company/1099225
LegalPlace;https://www.legalplace.fr/;https://www.linkedin.com/company/legalplace
Dracula Technologies;https://dracula-technologies.com/;https://www.linkedin.com/company/dracula-technologies
WeFiiT ;https://wefiit.com/;https://www.linkedin.com/company/wefiit
STAFFMATCH;https://staffmatch.com/;https://www.linkedin.com/company/10350399
Seize Consulting ;https://www.seizeconsulting.com/;https://www.linkedin.com/company/seizeconsulting
Exotec;http://www.exotec.com/;https://www.linkedin.com/company/10301627
Woonoz;https://www.woonoz.com/;https://www.linkedin.com/company/woonoz
belazar;http://www.agence-belazar.com/;https://www.linkedin.com/company/belazar
Tie Rack;https://www.tie-rack.fr/;https://www.linkedin.com/company/tie-rack
ORLEN Unipetrol;http://www.unipetrol.cz/;https://www.linkedin.com/company/unipetrol-a-s-
Vision Du Monde;https://www.visiondumonde.fr/;https://www.linkedin.com/company/world-vision-france
ESENS;https://esensconsulting.com/;https://www.linkedin.com/company/esens-consulting
Glowee;http://www.glowee.com/;https://www.linkedin.com/company/weloveglowee
WeLoop;https://weloop.io/fr/?utm_source=welcometothejungle;https://www.linkedin.com/company/weloopio
Reality;;https://www.linkedin.com/company/reality-agency
Le Choix de l'école;https://www.lechoixdelecole.org/;https://www.linkedin.com/company/lechoixdelecole
Bulldozair;;https://www.linkedin.com/company/2825306
Nickel;https://nickel.eu/fr;https://www.linkedin.com/company/compte-nickel
YTHAK;https://www.ythak.fr/;https://www.linkedin.com/company/ythak
Revevol Group;https://www.revevol.com/;https://www.linkedin.com/company/119158
Localoo ;https://www.localoo.es/;https://www.linkedin.com/company/localoo-espana
talent.io;https://www.talent.io/;https://www.linkedin.com/company/talent-io
Klaak;https://klaak.fr/;https://www.linkedin.com/company/klaak
HITECHPROS;http://www.hitechpros.com/;https://www.linkedin.com/company/hitechpros
Colibri;https://www.colibri-aps.com/;https://www.linkedin.com/company/colibri-demand-supply-planning
fifty-five;http://www.fifty-five.fr/;https://www.linkedin.com/company/804624
Galadrim;https://galadrim.fr/;https://www.linkedin.com/company/galadrim
Rémy Cointreau;https://www.remy-cointreau.com/fr;https://www.linkedin.com/company/remycointreau
Vocalcom;https://www.vocalcom.com/;https://www.linkedin.com/company/vocalcom
Nordic Telecom;https://www.nordictelecom.cz/;https://www.linkedin.com/company/nordic-telecom-s.r.o.
Silicom;https://silicom.fr/;https://www.linkedin.com/company/silicom-sas
api.video;https://api.video/;https://www.linkedin.com/company/api-video
Yseop;https://yseop.com/;https://www.linkedin.com/company/303309
iAdvize ;;https://www.linkedin.com/company/535762
Emeraude Escape Game;https://www.emeraude-escape.com/;https://www.linkedin.com/company/emeraude-escape-game
Reej Consulting ;https://www.reej-consulting.com/;https://www.linkedin.com/company/reej-consulting
Alenvi;http://www.alenvi.io/;https://www.linkedin.com/company/alenvi
Gorgias;http://gorgias.com/;https://www.linkedin.com/company/gorgias
Hollis & Bean;http://hollisbean.com/en;https://www.linkedin.com/company/hollis-bean
Sellsy;https://www.sellsy.fr/;https://www.linkedin.com/company/easybill
Buster.Ai;https://www.buster.ai/?utm_source=wttj&utm_medium=profile;https://www.linkedin.com/company/buster-ai
Comet Meetings;https://www.comet-meetings.com/;https://www.linkedin.com/company/cometmeetings
Phenix;https://wearephenix.com/?utm_medium=partnership&utm_source=partner+website&utm_campaign=recrutement+wttj;https://www.linkedin.com/company/phenix
IZBERG ;https://www.izberg-marketplace.com/;https://www.linkedin.com/company/2525286
GoStudent;https://www.gostudent.org/fr;https://www.linkedin.com/company/gostudent-gmbh
Groupe ASSU 2000;https://www.groupeassu2000.fr/;https://www.linkedin.com/company/groupe-assu-2000
ecosystem;https://www.ecosystem.eco/;https://www.linkedin.com/company/ecosystem-eco
Influence4you;https://www.influence4you.com/;https://www.linkedin.com/company/influence4you-influence4brands
Ashtone;https://ashtone.io/;https://www.linkedin.com/company/ashtone
EURETUDES;https://euretudes.fr/;https://www.linkedin.com/company/10435086
Agence Win-Win;https://www.win-win.com/;https://www.linkedin.com/company/win-win-com
Enderby;https://enderby.agency/;https://www.linkedin.com/company/enderby
Sendinblue ;https://sendinblue.com/;https://www.linkedin.com/company/sendinblue
Groupe Idemaps;https://idemaps.fr/;https://www.linkedin.com/company/14048339
Hublo;https://hublo.com/fr/clients;https://www.linkedin.com/company/hublo-fr
Twelve Consulting;https://www.twelve-consulting.com/;https://www.linkedin.com/company/twelve-consulting
GROUPE COFIDIS ;http://www.cofidis.com/;https://www.linkedin.com/company/groupecofidisparticipations
PETIT PICOTIN;https://www.petitpicotin.com/;
Murfy;https://murfy.fr/;https://www.linkedin.com/company/murfy-repair
Quitoque;https://www.quitoque.fr/;https://www.linkedin.com/company/quitoque
FFYN;https://ffyn.co/;https://www.linkedin.com/company/ffyn
relevanC;https://relevanc.com/;https://www.linkedin.com/company/relevanc
Rentokil Initial;https://rentokil-initial.fr/;https://www.linkedin.com/company/ambius.fr
Wemanity;https://www.wemanity.com/fr/;https://www.linkedin.com/company/wemanity
Simplébo;https://www.simplebo.fr/;https://www.linkedin.com/company/simpl-bo
Scaleway;http://www.scaleway.com/fr;https://www.linkedin.com/company/scaleway
each One (Ex - Wintegreat);https://eachone.org/;https://www.linkedin.com/company/10501601
Cibiltech;https://www.cibiltech.com/;https://www.linkedin.com/company/cibiltech
Asys;https://www.asys.fr/;https://www.linkedin.com/company/asys-groupe
SmartSide;http://www.smart-side.com/fr/;https://www.linkedin.com/company/smartside
Dronisos;http://www.dronisos.com/;https://www.linkedin.com/company/dronisos
OSS - Ventures;https://www.oss.ventures/;https://www.linkedin.com/company/11696655
Oh BiBi;http://www.ohbibi.com/;https://www.linkedin.com/company/3099124
SNCF CONSULTING;https://www.sncf-consulting.com/;https://www.linkedin.com/company/2650518
AIGLE;https://www.aigle.com/fr/fr;https://www.linkedin.com/company/aigle
XAnge;https://www.xange.fr/;https://www.linkedin.com/company/xange-private-equity
PLACESHAKER;https://placerenovation.fr/;https://www.linkedin.com/company/11028604
Enoptea;https://www.enoptea.fr/;https://www.linkedin.com/company/enoptea
Cuure;https://cuure.com/;https://www.linkedin.com/company/cuure
Capitalmind;http://www.capitalmind.com/;https://www.linkedin.com/company/capitalmind---corporate-finance-advisory
Strapi;https://strapi.io/;https://www.linkedin.com/company/strapi
DNA Script;https://www.dnascript.com/;https://www.linkedin.com/company/dna-script
Aryballe;https://aryballe.com/;https://www.linkedin.com/company/aryballe-technologies
Saveur Bière ;https://www.saveur-biere.com/fr;https://www.linkedin.com/company/interdrinks-sas---saveur-biere.com
BuyCo;https://buyco.co/;https://www.linkedin.com/company/buyco4shipping
Fantasiapp;https://www.fantasiapp.com/;https://www.linkedin.com/company/fantasiapp
ManoMano;https://www.manomano.fr/;https://www.linkedin.com/company/10247164
Dotaki;https://www.dotaki.com/;https://www.linkedin.com/company/dotaki
Wakam;http://www.wakam.com/;https://www.linkedin.com/company/wearewakam
Jellysmack;https://www.jellysmack.com/;https://www.linkedin.com/company/jellysmack
Planète OUI;;https://www.linkedin.com/company/plan%C3%A8teoui
Černí koně;https://www.cernikone.cz/;
Groupe Bizness;https://www.groupe-bizness.com/;https://www.linkedin.com/company/groupe-bizness
iVesta Family Office;http://www.ivesta-fo.com/;
inQool ;https://www.inqool.cz/;https://www.linkedin.com/company/2803349
ONU Femmes France;https://www.onufemmes.fr/;https://www.linkedin.com/company/onufemmesfrance
Garantme;https://www.garantme.fr/;https://www.linkedin.com/company/garantme
Hiflow;https://www.hiflow.com/?gclid=EAIaIQobChMI66nXv7P95AIVhMjeCh2hNANzEAAYASAAEgIpkvD_BwE;https://www.linkedin.com/company/expedicar
Pricemoov;http://www.pricemoov.com/;https://www.linkedin.com/company/pricemoov
Immodvisor;;https://www.linkedin.com/company/immodvisor
Spacemaker;https://www.spacemakerai.com/;https://www.linkedin.com/company/spacemaker-ai
Charlie Crane;http://www.charliecraneparis.com/;https://www.linkedin.com/company/charlie-crane
Tinubu Square;;https://www.linkedin.com/company/tinubu-square
L'argus;https://www.largus.fr/;
wweeddoo;https://wweeddoo.com/;https://www.linkedin.com/company/wweeddoo
Quai des Notaires;https://www.quaidesnotaires.com/;https://www.linkedin.com/company/quai-des-notaires
JPB Systeme;http://www.jpb-systeme.com/;https://www.linkedin.com/company/jpb-syst-me
Solidarités Nouvelles face au Chômage - SNC;;https://www.linkedin.com/company/solidarites-nouvelles-face-au-chomage
Sogelink;https://www.sogelink.fr/;https://www.linkedin.com/company/groupe-sogelink
Feed.;https://www.feed.co/fr_fr/;https://www.linkedin.com/company/feed.
Data Legal Drive;https://datalegaldrive.com/;https://www.linkedin.com/company/data-legal-drive
Les Ripeurs;https://www.lesripeurs.com/;https://www.linkedin.com/company/les-ripeurs
Norauto Digital;https://www.norauto.fr/;https://www.linkedin.com/company/norauto
Partoo;http://www.partoo.fr/;https://www.linkedin.com/company/partoo
PIGMENT;https://gopigment.com/;https://www.linkedin.com/company/pigment
Netwo;http://www.netwo.io/;https://www.linkedin.com/company/netwo
LeSalon;https://lesalon.com/;https://www.linkedin.com/company/lesalon
Worklife (ex Yoopies);https://worklife.io/;https://www.linkedin.com/company/worklife-app
Velvet Consulting;https://velvetconsulting.com/;https://www.linkedin.com/company/velvet-consulting
Lexilife;https://www.lexilife.com/;https://www.linkedin.com/company/18938912
TOTAL DIGITAL FACTORY;https://www.total.com/;https://www.linkedin.com/company/total
Biofuture ;https://biofuture.fr/;https://www.linkedin.com/company/biofuture-huiles-quintesens
Qualit'EnR;https://www.qualit-enr.org/;https://www.linkedin.com/company/qualitenr
Gameloft;https://www.gameloft.com/fr/;https://www.linkedin.com/company/gameloft
Novagraaf;https://www.novagraaf.com/fr;https://www.linkedin.com/company/novagraaf
Book A Flat;https://www.book-a-flat.com/fr/;https://www.linkedin.com/company/2686910
Fuzzy Logic Robotics;https://flr.io/;https://www.linkedin.com/company/fuzzylogicrobotics
Family Self Care;https://familyselfcare.com/;https://www.linkedin.com/company/familyselfcare
Panda Investissement;https://www.panda-investissement.com/;https://www.linkedin.com/company/panda-investissement
Clac des Doigts ;https://clacdesdoigts.com/;https://www.linkedin.com/company/clac-des-doigts
Contexte;;https://www.linkedin.com/company/contexte-sas
AppCraft;http://www.appcraft.fr/;https://www.linkedin.com/company/appcraft-fr
Sooyoos;http://www.sooyoos.com/;https://www.linkedin.com/company/2182013
Digikare;https://www.digikare.com/;https://www.linkedin.com/company/digikare
Mooncard;https://www.mooncard.co/;https://www.linkedin.com/company/mooncard
Mouvement IMPACT France;https://impactfrance.eco/;https://www.linkedin.com/company/2152372
Deepsense;https://thedeepsense.co/;https://www.linkedin.com/company/thedeepsense
Cheerz;https://www.cheerz.com/;https://www.linkedin.com/company/cheerzofficial
BIOCODEX;https://www.biocodex.fr/;https://www.linkedin.com/company/biocodex
DualSun;https://dualsun.com/;https://www.linkedin.com/company/2509628
Ipaidthat;https://ipaidthat.io/fr;https://www.linkedin.com/company/ipaidthat
FamilEat;https://www.famileat.fr/;https://www.linkedin.com/company/11442103
iRaiser;https://www.iraiser.eu/;https://www.linkedin.com/company/iraiser-eu
Viveris;https://www.viveris.fr/;https://www.linkedin.com/company/viveris
Elevate ;https://elevate-agency.com/;https://www.linkedin.com/company/elevate-data-agency
White Mirror;http://white-mirror.fr/;https://www.linkedin.com/company/white-mirror
Pitchy;http://www.pitchy.fr/;https://www.linkedin.com/company/5049026
Qwarry;https://qwarry.com/;https://www.linkedin.com/company/35505649
Market Value;http://www.marketvalue.fr/;https://www.linkedin.com/company/market-value
QUINTESS;http://www.quintess.fr/;https://www.linkedin.com/company/quintess_2
ID&AL groupe;https://www.ideal-groupe.com/;https://www.linkedin.com/company/ideal-groupe
BOURSORAMA;https://groupe.boursorama.fr/;https://www.linkedin.com/company/162770
Acasi;https://www.acasi.io/;https://www.linkedin.com/company/acasi
Danone/ Nutricia;https://www.danone.com/;https://www.linkedin.com/company/danone
MesDépanneurs.fr;https://www.mesdepanneurs.fr/;https://www.linkedin.com/company/5270004
Sparkling Partners;http://www.sparkling-partners.com/;https://www.linkedin.com/company/sparkling-partners
Sipios;http://www.sipios.com/;https://www.linkedin.com/company/sipios
Wonderful;https://wonderful.fr/;https://www.linkedin.com/company/agencewonderful
Beam Advisory;http://www.beamadvisory.com/;https://www.linkedin.com/company/beam-advisory
edtake;https://www.edtake.com/;https://www.linkedin.com/company/edtake
ToMCo;https://tomco.fr/;https://www.linkedin.com/company/tomco
iQLANDIA Science Center;https://iqlandia.cz/;https://www.linkedin.com/company/iqlandia-o--p--s-
ViiBE;https://viibe.co/;https://www.linkedin.com/company/viibe-communication
Worldia;http://www.worldia.com/;https://www.linkedin.com/company/2980106
R-PUR;http://r-pur.com/;https://www.linkedin.com/company/r-pur
Wisembly;https://wisembly.com/;https://www.linkedin.com/company/wisembly
Sewan;https://sewan.jobs/;https://www.linkedin.com/company/2387632
Le Mont Saint Michel;https://lemontsaintmichel.fr/;https://www.linkedin.com/company/lemontsaintmichel
KparK;;https://www.linkedin.com/company/kpark-france
AssessFirst;https://www.assessfirst.com/;https://www.linkedin.com/company/assessfirst
Sim&Cure;;https://www.linkedin.com/company/sim&cure
Germinal;http://www.germinal.io/;https://www.linkedin.com/company/germinal-growth
Peopulse;http://www.peopulse.com/;
maplaceencrèche;http://www.maplaceencreche.com/;https://www.linkedin.com/company/ma-place-en-creche
WAM-Référencement;https://www.wam-referencement.fr/;https://www.linkedin.com/company/wam-r%C3%A9f%C3%A9rencement
Club Identicar;;https://www.linkedin.com/company/club-identicar
Matador;https://matador.fr/;
Groupe Ingena;https://www.groupe-ingena.com/;https://www.linkedin.com/company/groupe-ingena
